1,Ciencias Naturales,1-3,Me aproximo al conocimiento como científico-a natural,Observo mi entorno,2020-01-25 17:59:38-05
2,Ciencias Naturales,1-3,Me aproximo al conocimiento como científico-a natural,"Formulo preguntas sobre objetos, organismos y fenómenos de mi entorno y exploro posibles respuestas.",2020-01-25 18:09:12.615079-05
3,Ciencias Naturales,1-3,Me aproximo al conocimiento como científico-a natural,Hago conjeturas para responder mis preguntas.,2020-01-25 18:09:36.94675-05
4,Ciencias Naturales,1-3,Me aproximo al conocimiento como científico-a natural,Diseño y realizo experiencias para poner a prueba mis conjeturas.,2020-01-25 18:09:49.893086-05
5,Ciencias Naturales,1-3,Me aproximo al conocimiento como científico-a natural,Identifico condiciones que influyen en los resultados de una experiencia.,2020-01-25 18:10:01.774452-05
6,Ciencias Naturales,1-3,Me aproximo al conocimiento como científico-a natural,"Realizo mediciones con instrumentos convencionales (regla, metro, termómetro, reloj, balanza...) y no convencionales (vasos, tazas, cuartas, pies, pasos...).",2020-01-25 18:10:47.84349-05
7,Ciencias Naturales,1-3,Me aproximo al conocimiento como científico-a natural,"Registro mis observaciones en forma organizada y rigurosa (sin alteraciones), utilizando dibujos, palabras y números.",2020-01-25 18:11:00.282171-05
8,Ciencias Naturales,1-3,Me aproximo al conocimiento como científico-a natural,"Busco información en diversas fuentes (libros, Internet, experiencias propias y de otros...) y doy el crédito correspondiente.",2020-01-25 18:11:12.64371-05
9,Ciencias Naturales,1-3,Me aproximo al conocimiento como científico-a natural,Selecciono la información apropiada para dar respuesta a mis preguntas.,2020-01-25 18:11:21.967689-05
10,Ciencias Naturales,1-3,Me aproximo al conocimiento como científico-a natural,"Analizo, con la ayuda del profesor, si la información obtenida es suficiente para contestar mis preguntas.",2020-01-25 18:11:29.857976-05
11,Ciencias Naturales,1-3,Me aproximo al conocimiento como científico-a natural,Persisto en la búsqueda de respuestas a mis preguntas.,2020-01-25 18:11:39.022035-05
12,Ciencias Naturales,1-3,Me aproximo al conocimiento como científico-a natural,Propongo respuestas a mis preguntas y las comparo con las de otras personas.,2020-01-25 18:11:46.870306-05
13,Ciencias Naturales,1-3,Me aproximo al conocimiento como científico-a natural,Comunico de diferentes maneras el proceso de indagación y los resultados obtenidos.,2020-01-25 18:12:03.453072-05
14,Ciencias Naturales,1-3,Entorno vivo,Establezco relaciones entre las funciones de los cinco sentidos. ,2020-01-25 18:12:03.453072-05
15,Ciencias Naturales,1-3,Entorno vivo,Describo mi cuerpo y el de mis compañeros y compañeras. ,2020-01-25 18:12:03.453072-05
16,Ciencias Naturales,1-3,Entorno vivo,"Describo características de seres vivos y objetos inertes, establezco semejanzas y diferencias entre ellos y los clasifico. ",2020-01-25 18:12:03.453072-05
17,Ciencias Naturales,1-3,Entorno vivo,Propongo y verifico necesidades de los seres vivos. ,2020-01-25 18:12:03.453072-05
18,Ciencias Naturales,1-3,Entorno vivo,Observo y describo cambios en mi desarrollo y en el de otros seres vivos. ,2020-01-25 18:12:03.453072-05
19,Ciencias Naturales,1-3,Entorno vivo,Describo y verifico ciclos de vida de seres vivos. ,2020-01-25 18:12:03.453072-05
20,Ciencias Naturales,1-3,Entorno vivo,Reconozco que los hijos y las hijas se parecen a sus padres y describo algunas características que se heredan. ,2020-01-25 18:12:03.453072-05
21,Ciencias Naturales,1-3,Entorno vivo,"Identifico y describo la flora, la fauna, el agua y el suelo de mi entorno. ",2020-01-25 18:12:03.453072-05
22,Ciencias Naturales,1-3,Entorno vivo,Explico adaptaciones de los seres vivos al ambiente. ,2020-01-25 18:12:03.453072-05
23,Ciencias Naturales,1-3,Entorno vivo,Comparo fósiles y seres vivos; identifico características que se mantienen en el tiempo. ,2020-01-25 18:12:03.453072-05
24,Ciencias Naturales,1-3,Entorno vivo,Identifico patrones comunes a los seres vivos.,2020-01-25 18:12:03.453072-05
25,Ciencias Naturales,1-3,Entorno físico,Describo y clasifico objetos según características que percibo con los cinco sentidos. ,2020-01-25 18:12:03.453072-05
26,Ciencias Naturales,1-3,Entorno físico,Propongo y verifico diversas formas de medir sólidos y líquidos. ,2020-01-25 18:12:03.453072-05
27,Ciencias Naturales,1-3,Entorno físico,Establezco relaciones entre magnitudes y unidades de medida apropiadas. ,2020-01-25 18:12:03.453072-05
28,Ciencias Naturales,1-3,Entorno físico,"Identifico diferentes estados físicos de la materia (el agua, por ejemplo) y verifico causas para cambios de estado. ",2020-01-25 18:12:03.453072-05
29,Ciencias Naturales,1-3,Entorno físico,"Identifico y comparo fuentes de luz, calor y sonido y su efecto sobre diferentes seres vivos. ",2020-01-25 18:12:03.453072-05
30,Ciencias Naturales,1-3,Entorno físico,Identifico situaciones en las que ocurre transferencia de energía térmica y realizo experiencias para verificar el fenómeno. ,2020-01-25 18:12:03.453072-05
31,Ciencias Naturales,1-3,Entorno físico,"Clasifico luces según color, intensidad y fuente. ",2020-01-25 18:12:03.453072-05
32,Ciencias Naturales,1-3,Entorno físico,"Clasifico sonidos según tono, volumen y fuente. ",2020-01-25 18:12:03.453072-05
33,Ciencias Naturales,1-3,Entorno físico,Propongo experiencias para comprobar la propagación de la luz y del sonido. ,2020-01-25 18:12:03.453072-05
34,Ciencias Naturales,1-3,Entorno físico,"Identifico tipos de movimiento en seres vivos y objetos, y las fuerzas que los producen. ",2020-01-25 18:12:03.453072-05
35,Ciencias Naturales,1-3,Entorno físico,Verifico las fuerzas a distancia generadas por imanes sobre diferentes objetos. ,2020-01-25 18:12:03.453072-05
36,Ciencias Naturales,1-3,Entorno físico,Construyo circuitos eléctricos simples con pilas. ,2020-01-25 18:12:03.453072-05
37,Ciencias Naturales,1-3,Entorno físico,"Registro el movimiento del Sol, la Luna y las estrellas en el cielo, en un periodo de tiempo.",2020-01-25 18:12:03.453072-05
38,Ciencias Naturales,1-3,"Ciencia, tecnología y sociedad",Clasifico y comparo objetos según sus usos. ,2020-01-25 18:12:03.453072-05
39,Ciencias Naturales,1-3,"Ciencia, tecnología y sociedad",Diferencio objetos naturales de objetos creados por el ser humano. ,2020-01-25 18:12:03.453072-05
40,Ciencias Naturales,1-3,"Ciencia, tecnología y sociedad",Identifico objetos que emitan luz o sonido. ,2020-01-25 18:12:03.453072-05
41,Ciencias Naturales,1-3,"Ciencia, tecnología y sociedad",Identifico circuitos eléctricos en mi entorno. ,2020-01-25 18:12:03.453072-05
42,Ciencias Naturales,1-3,"Ciencia, tecnología y sociedad",Analizo la utilidad de algunos aparatos eléctricos a mi alrededor. ,2020-01-25 18:12:03.453072-05
43,Ciencias Naturales,1-3,"Ciencia, tecnología y sociedad",Identifico aparatos que utilizamos hoy y que no se utilizaban en épocas pasadas. ,2020-01-25 18:12:03.453072-05
44,Ciencias Naturales,1-3,"Ciencia, tecnología y sociedad",Asocio el clima con la forma de vida de diferentes comunidades. ,2020-01-25 18:12:03.453072-05
45,Ciencias Naturales,1-3,"Ciencia, tecnología y sociedad",Identifico necesidades de cuidado de mi cuerpo y el de otras personas.,2020-01-25 18:12:03.453072-05
46,Ciencias Naturales,1-3,Desarrollo compromisos personales y sociales,Escucho activamente a mis compañeros y compañeras y reconozco puntos de vista diferentes. ,2020-01-25 18:12:03.453072-05
47,Ciencias Naturales,1-3,Desarrollo compromisos personales y sociales,Valoro y utilizo el conocimiento de diversas personas de mi entorno. ,2020-01-25 18:12:03.453072-05
48,Ciencias Naturales,1-3,Desarrollo compromisos personales y sociales,Cumplo mi función y respeto la de otras personas en el trabajo en grupo. ,2020-01-25 18:12:03.453072-05
49,Ciencias Naturales,1-3,Desarrollo compromisos personales y sociales,"Reconozco la importancia de animales, plantas, agua y suelo de mi entorno y propongo estrategias para cuidarlos. ",2020-01-25 18:12:03.453072-05
50,Ciencias Naturales,1-3,Desarrollo compromisos personales y sociales,Respeto y cuido los seres vivos y los objetos de mi entorno.,2020-01-25 18:12:03.453072-05
51,Ciencias Naturales,4-5,Me aproximo al conocimiento como científico-a natural,Observo el mundo en el que vivo. ,2020-01-25 18:12:03.453072-05
52,Ciencias Naturales,4-5,Me aproximo al conocimiento como científico-a natural,Formulo preguntas a partir de una observación o experiencia y escojo algunas de ellas para buscar posibles respuestas. ,2020-01-25 18:12:03.453072-05
53,Ciencias Naturales,4-5,Me aproximo al conocimiento como científico-a natural,Propongo explicaciones provisionales para responder mis preguntas. ,2020-01-25 18:12:03.453072-05
54,Ciencias Naturales,4-5,Me aproximo al conocimiento como científico-a natural,Identifico condiciones que influyen en los resultados de una experiencia y que pueden permanecer constantes o cambiar (variables). ,2020-01-25 18:12:03.453072-05
55,Ciencias Naturales,4-5,Me aproximo al conocimiento como científico-a natural,Diseño y realizo experimentos modificando una sola variable para dar respuesta a preguntas. ,2020-01-25 18:12:03.453072-05
56,Ciencias Naturales,4-5,Me aproximo al conocimiento como científico-a natural,"Realizo mediciones con instrumentos convencionales (balanza, báscula, cronómetro, termómetro...) y no convencionales (paso, cuarta, pie, braza, vaso...). ",2020-01-25 18:12:03.453072-05
57,Ciencias Naturales,4-5,Me aproximo al conocimiento como científico-a natural,"Registro mis observaciones, datos y resultados de manera organizada y rigurosa (sin alteraciones), en forma escrita y utilizando esquemas, gráficos y tablas. ",2020-01-25 18:12:03.453072-05
58,Ciencias Naturales,4-5,Me aproximo al conocimiento como científico-a natural,"Busco información en diversas fuentes (libros, Internet, experiencias y experimentos propios y de otros…) y doy el crédito correspondiente. ",2020-01-25 18:12:03.453072-05
59,Ciencias Naturales,4-5,Me aproximo al conocimiento como científico-a natural,Establezco relaciones entre la información y los datos recopilados. ,2020-01-25 18:12:03.453072-05
60,Ciencias Naturales,4-5,Me aproximo al conocimiento como científico-a natural,Selecciono la información que me permite responder a mis preguntas y determino si es suficiente. ,2020-01-25 18:12:03.453072-05
61,Ciencias Naturales,4-5,Me aproximo al conocimiento como científico-a natural,"Saco conclusiones de mis experimentos, aunque no obtenga los resultados esperados. ",2020-01-25 18:12:03.453072-05
62,Ciencias Naturales,4-5,Me aproximo al conocimiento como científico-a natural,Propongo respuestas a mis preguntas y las comparo con las de otras personas. ,2020-01-25 18:12:03.453072-05
63,Ciencias Naturales,4-5,Me aproximo al conocimiento como científico-a natural,Persisto en la búsqueda de respuestas a mis preguntas. ,2020-01-25 18:12:03.453072-05
64,Ciencias Naturales,4-5,Me aproximo al conocimiento como científico-a natural,"Comunico, oralmente y por escrito, el proceso de indagación y los resultados que obtengo.",2020-01-25 18:12:03.453072-05
65,Ciencias Naturales,4-5,Entorno vivo,Explico la importancia de la célula como unidad básica de los seres vivos. ,2020-01-25 18:12:03.453072-05
66,Ciencias Naturales,4-5,Entorno vivo,Identifico los niveles de organización celular de los seres vivos. ,2020-01-25 18:12:03.453072-05
67,Ciencias Naturales,4-5,Entorno vivo,Identifico en mi entorno objetos que cumplen funciones similares a las de mis órganos y sustento la comparación. ,2020-01-25 18:12:03.453072-05
68,Ciencias Naturales,4-5,Entorno vivo,Represento los diversos sistemas de órganos del ser humano y explico su función. ,2020-01-25 18:12:03.453072-05
69,Ciencias Naturales,4-5,Entorno vivo,"Clasifico seres vivos en diversos grupos taxonómicos (plantas, animales, microorganismos…). ",2020-01-25 18:12:03.453072-05
70,Ciencias Naturales,4-5,Entorno vivo,"Indago acerca del tipo de fuerza (compresión, tensión o torsión) que puede fracturar diferentes tipos de huesos. ",2020-01-25 18:12:03.453072-05
71,Ciencias Naturales,4-5,Entorno vivo,Identifico máquinas simples en el cuerpo de seres vivos y explico su función. ,2020-01-25 18:12:03.453072-05
72,Ciencias Naturales,4-5,Entorno vivo,"Investigo y describo diversos tipos de neuronas, las comparo entre sí y con circuitos eléctricos. ",2020-01-25 18:12:03.453072-05
73,Ciencias Naturales,4-5,Entorno vivo,Analizo el ecosistema que me rodea y lo comparo con otros. ,2020-01-25 18:12:03.453072-05
74,Ciencias Naturales,4-5,Entorno vivo,Identifico adaptaciones de los seres vivos teniendo en cuenta las características de los ecosistemas en que viven. ,2020-01-25 18:12:03.453072-05
75,Ciencias Naturales,4-5,Entorno vivo,Explico la dinámica de un ecosistema teniendo en cuenta las necesidades de energía y nutrientes de los seres vivos (cadena alimentaria). ,2020-01-25 18:12:03.453072-05
76,Ciencias Naturales,4-5,Entorno vivo,Identifico fenómenos de camuflaje en el entorno y los relaciono con las necesidades de los seres vivos.,2020-01-25 18:12:03.453072-05
77,Ciencias Naturales,4-5,Entorno físico,Describo y verifico el efecto de la transferencia de energía térmica en los cambios de estado de algunas sustancias. ,2020-01-25 18:12:03.453072-05
78,Ciencias Naturales,4-5,Entorno físico,"Verifico la posibilidad de mezclar diversos líquidos, sólidos y gases. ",2020-01-25 18:12:03.453072-05
79,Ciencias Naturales,4-5,Entorno físico,Propongo y verifico diferentes métodos de separación de mezclas. ,2020-01-25 18:12:03.453072-05
80,Ciencias Naturales,4-5,Entorno físico,Establezco relaciones entre objetos que tienen masas iguales y volúmenes diferentes o viceversa y su posibilidad de flotar. ,2020-01-25 18:12:03.453072-05
81,Ciencias Naturales,4-5,Entorno físico,Comparo movimientos y desplazamientos de seres vivos y objetos. ,2020-01-25 18:12:03.453072-05
82,Ciencias Naturales,4-5,Entorno físico,Relaciono el estado de reposo o movimiento de un objeto con las fuerzas aplicadas sobre éste. ,2020-01-25 18:12:03.453072-05
83,Ciencias Naturales,4-5,Entorno físico,Describo fuerzas en máquinas simples. ,2020-01-25 18:12:03.453072-05
84,Ciencias Naturales,4-5,Entorno físico,Verifico la conducción de electricidad o calor en materiales. ,2020-01-25 18:12:03.453072-05
85,Ciencias Naturales,4-5,Entorno físico,Identifico las funciones de los componentes de un circuito eléctrico. ,2020-01-25 18:12:03.453072-05
86,Ciencias Naturales,4-5,Entorno físico,"Describo los principales elementos del sistema solar y establezco relaciones de tamaño, movimiento y posición. ",2020-01-25 18:12:03.453072-05
87,Ciencias Naturales,4-5,Entorno físico,Comparo el peso y la masa de un objeto en diferentes puntos del sistema solar. ,2020-01-25 18:12:03.453072-05
88,Ciencias Naturales,4-5,Entorno físico,Describo las características físicas de la Tierra y su atmósfera. ,2020-01-25 18:12:03.453072-05
89,Ciencias Naturales,4-5,Entorno físico,Relaciono el movimiento de traslación con los cambios climáticos. ,2020-01-25 18:12:03.453072-05
90,Ciencias Naturales,4-5,Entorno físico,"Establezco relaciones entre mareas, corrientes marinas, movimiento de placas tectónicas, formas del paisaje y relieve, y las fuerzas que los generan.",2020-01-25 18:12:03.453072-05
91,Ciencias Naturales,4-5,"Ciencia, tecnología y sociedad ",Identifico máquinas simples en objetos cotidianos y describo su utilidad. ,2020-01-25 18:12:03.453072-05
92,Ciencias Naturales,4-5,"Ciencia, tecnología y sociedad ",Construyo máquinas simples para solucionar problemas cotidianos. ,2020-01-25 18:12:03.453072-05
93,Ciencias Naturales,4-5,"Ciencia, tecnología y sociedad ","Identifico en la historia, situaciones en las que, en ausencia de motores potentes, se utilizaron máquinas simples. ",2020-01-25 18:12:03.453072-05
94,Ciencias Naturales,4-5,"Ciencia, tecnología y sociedad ",Analizo características ambientales de mi entorno y peligros que lo amenazan. ,2020-01-25 18:12:03.453072-05
95,Ciencias Naturales,4-5,"Ciencia, tecnología y sociedad ","Establezco relaciones entre el efecto invernadero, la lluvia ácida y el debilitamiento de la capa de ozono con la contaminación atmosférica. ",2020-01-25 18:12:03.453072-05
96,Ciencias Naturales,4-5,"Ciencia, tecnología y sociedad ","Asocio el clima y otras características del entorno con los materiales de construcción, los aparatos eléctricos más utilizados, los recursos naturales y las costumbres de diferentes comunidades. ",2020-01-25 18:12:03.453072-05
97,Ciencias Naturales,4-5,"Ciencia, tecnología y sociedad ",Verifico que la cocción de alimentos genera cambios físicos y químicos. ,2020-01-25 18:12:03.453072-05
98,Ciencias Naturales,4-5,"Ciencia, tecnología y sociedad ","Identifico y describo aparatos que generan energía luminosa, térmica y mecánica. ",2020-01-25 18:12:03.453072-05
99,Ciencias Naturales,4-5,"Ciencia, tecnología y sociedad ",Identifico y establezco las aplicaciones de los circuitos eléctricos en el desarrollo tecnológico. ,2020-01-25 18:12:03.453072-05
100,Ciencias Naturales,4-5,"Ciencia, tecnología y sociedad ",Establezco relaciones entre microorganismos y salud. ,2020-01-25 18:12:03.453072-05
101,Ciencias Naturales,4-5,"Ciencia, tecnología y sociedad ","Reconozco los efectos nocivos del exceso en el consumo de cafeína, tabaco, drogas y licores. ",2020-01-25 18:12:03.453072-05
102,Ciencias Naturales,4-5,"Ciencia, tecnología y sociedad ",Establezco relaciones entre deporte y salud física y mental.,2020-01-25 18:12:03.453072-05
103,Ciencias Naturales,4-5,Desarrollo compromisos personales y sociales,"Escucho activamente a mis compañeros y compañeras, reconozco puntos de vista diferentes y los comparo con los míos. ",2020-01-25 18:12:03.453072-05
104,Ciencias Naturales,4-5,Desarrollo compromisos personales y sociales,Reconozco y acepto el escepticismo de mis compañeros y compañeras ante la información que presento. ,2020-01-25 18:12:03.453072-05
105,Ciencias Naturales,4-5,Desarrollo compromisos personales y sociales,Valoro y utilizo el conocimiento de diferentes personas de mi entorno. ,2020-01-25 18:12:03.453072-05
106,Ciencias Naturales,4-5,Desarrollo compromisos personales y sociales,"Cumplo mi función cuando trabajo en grupo, respeto las funciones de otros y contribuyo a lograr productos comunes. ",2020-01-25 18:12:03.453072-05
107,Ciencias Naturales,4-5,Desarrollo compromisos personales y sociales,Identifico y acepto diferencias en las formas de vida y de pensar. ,2020-01-25 18:12:03.453072-05
108,Ciencias Naturales,4-5,Desarrollo compromisos personales y sociales,"Reconozco y respeto mis semejanzas y diferencias con los demás en cuanto a género, aspecto y limitaciones físicas. ",2020-01-25 18:12:03.453072-05
109,Ciencias Naturales,4-5,Desarrollo compromisos personales y sociales,Propongo alternativas para cuidar mi entorno y evitar peligros que lo amenazan. ,2020-01-25 18:12:03.453072-05
110,Ciencias Naturales,4-5,Desarrollo compromisos personales y sociales,"Cuido, respeto y exijo respeto por mi cuerpo y el de las demás personas. ",2020-01-25 18:12:03.453072-05
111,Ciencias Naturales,4-5,Desarrollo compromisos personales y sociales,Respeto y cuido los seres vivos y los objetos de mi entorno.,2020-01-25 18:12:03.453072-05
112,Ciencias Sociales,1-3,Me aproximo al conocimiento como científico(a) social,"Hago preguntas sobre mí y sobre las organizaciones sociales a las que pertenezco (familia, curso, colegio, barrio…).",2020-01-25 18:12:03.453072-05
113,Ciencias Sociales,1-3,Me aproximo al conocimiento como científico(a) social,"Reconozco diversos aspectos míos y de las organizaciones sociales a las que pertenezco, así como los cambios que han ocurrido a través del tiempo.",2020-01-25 18:12:03.453072-05
114,Ciencias Sociales,1-3,Me aproximo al conocimiento como científico(a) social,"Uso diversas fuentes para obtener la información que necesito (entrevistas a mis familiares y profesores, fotografías, textos escolares y otros).",2020-01-25 18:12:03.453072-05
115,Ciencias Sociales,1-3,Me aproximo al conocimiento como científico(a) social,"Organizo la información, utilizando cuadros, gráficas…",2020-01-25 18:12:03.453072-05
116,Ciencias Sociales,1-3,Me aproximo al conocimiento como científico(a) social,Establezco relaciones entre la información obtenida en diferentes fuentes y propongo respuestas a mis preguntas.,2020-01-25 18:12:03.453072-05
117,Ciencias Sociales,1-3,Me aproximo al conocimiento como científico(a) social,"Utilizo diversas formas de expresión (oral, escrita, gráfica) para comunicar los resultados de mi investigación.",2020-01-25 18:12:03.453072-05
118,Ciencias Sociales,1-3,Me aproximo al conocimiento como científico(a) social,"Doy crédito a las diferentes fuentes de la información obtenida (cuento a quién entrevisté, qué libros miré, qué fotos comparé…).",2020-01-25 18:12:03.453072-05
119,Ciencias Sociales,1-3,Relaciones con la historia y las culturas,"Identifico algunas características físicas, sociales, culturales y emocionales que hacen de mí un ser único.",2020-01-25 18:12:03.453072-05
120,Ciencias Sociales,1-3,Relaciones con la historia y las culturas,Identificó  y describo algunas características socioculturales de comunidades a las que pertenezco y de otras diferentes a las mías.,2020-01-25 18:12:03.453072-05
121,Ciencias Sociales,1-3,Relaciones con la historia y las culturas,Identifico y describo cambios y aspectos que se mantienen en mí y en las organizaciones de mi entorno.,2020-01-25 18:12:03.453072-05
122,Ciencias Sociales,1-3,Relaciones con la historia y las culturas,"Reconozco en mi entorno cercano las huellas que dejaron las comunidades que lo ocuparon en el pasado (monumentos, museos, sitios de conservación histórica…).",2020-01-25 18:12:03.453072-05
123,Ciencias Sociales,1-3,Relaciones con la historia y las culturas,"Identifico y describo algunos elementos que permiten reconocerme como miembro de un grupo regional y de una nación (territorio, lenguas, costumbres, símbolos patrios…).",2020-01-25 18:12:03.453072-05
124,Ciencias Sociales,1-3,Relaciones con la historia y las culturas,Reconozco características básicas de la diversidad étnica y cultural en Colombia.,2020-01-25 18:12:03.453072-05
125,Ciencias Sociales,1-3,Relaciones con la historia y las culturas,Identifico los aportes culturales que mi comunidad y otras diferentes a la mía han hecho a lo que somos hoy.,2020-01-25 18:12:03.453072-05
126,Ciencias Sociales,1-3,Relaciones con la historia y las culturas,Reconozco conflictos que se generan cuando no se respetan mis rasgos particulares o los de otras personas.,2020-01-25 18:12:03.453072-05
127,Ciencias Sociales,1-3,Relaciones espaciales y ambientales,"Me ubico en el entorno físico y de representación (en mapas y planos) utilizando referentes espaciales como arriba, abajo, dentro, fuera, derecha, izquierda.",2020-01-25 18:12:03.453072-05
128,Ciencias Sociales,1-3,Relaciones espaciales y ambientales,"Establezco relaciones entre los espacios físicos que ocupo (salón de clase, colegio, municipio…) y sus representaciones (mapas, planos, maquetas...).",2020-01-25 18:12:03.453072-05
129,Ciencias Sociales,1-3,Relaciones espaciales y ambientales,Reconozco diversas formas de representación de la Tierra.,2020-01-25 18:12:03.453072-05
130,Ciencias Sociales,1-3,Relaciones espaciales y ambientales,Reconozco y describo las características físicas de las principales formas del paisaje.,2020-01-25 18:12:03.453072-05
131,Ciencias Sociales,1-3,Relaciones espaciales y ambientales,Identifico y describo las características de un paisaje natural y de un paisaje cultural.,2020-01-25 18:12:03.453072-05
132,Ciencias Sociales,1-3,Relaciones espaciales y ambientales,Establezco relaciones entre los accidentes geográficos y su representación gráfica.,2020-01-25 18:12:03.453072-05
133,Ciencias Sociales,1-3,Relaciones espaciales y ambientales,Establezco relaciones entre paisajes naturales y paisajes culturales.,2020-01-25 18:12:03.453072-05
134,Ciencias Sociales,1-3,Relaciones espaciales y ambientales,"Identifico formas de medir el tiempo (horas, días, años...) y las relaciono con las actividades de las personas.",2020-01-25 18:12:03.453072-05
135,Ciencias Sociales,1-3,Relaciones espaciales y ambientales,Comparo actividades económicas que se llevan a cabo en diferentes entornos.,2020-01-25 18:12:03.453072-05
136,Ciencias Sociales,1-3,Relaciones espaciales y ambientales,Establezco relaciones entre el clima y las actividades económicas de las personas.,2020-01-25 18:12:03.453072-05
137,Ciencias Sociales,1-3,Relaciones espaciales y ambientales,"Reconozco, describo y comparo las actividades económicas de algunas personas en mi entorno y el efecto de su trabajo en la comunidad.",2020-01-25 18:12:03.453072-05
138,Ciencias Sociales,1-3,Relaciones espaciales y ambientales,Identifico los principales recursos naturales (renovables y no renovables).,2020-01-25 18:12:03.453072-05
139,Ciencias Sociales,1-3,Relaciones espaciales y ambientales,Reconozco factores de tipo económico que generan bienestar o conflicto en la vida social.,2020-01-25 18:12:03.453072-05
140,Ciencias Sociales,1-3,Relaciones espaciales y ambientales,Reconozco que los recursos naturales son finitos y exigen un uso responsable.,2020-01-25 18:12:03.453072-05
141,Ciencias Sociales,1-3,Relaciones ético políticas,"Identifico y describo características y funciones básicas de organizaciones sociales y políticas de mi entorno (familia, colegio, barrio, vereda, corregimiento, resguardo, territorios afrocolombianos, municipio…).",2020-01-25 18:12:03.453072-05
142,Ciencias Sociales,1-3,Relaciones ético políticas,Identifico situaciones cotidianas que indican cumplimiento o incumplimiento en las funciones de algunas organizaciones sociales y políticas de mi entorno.,2020-01-25 18:12:03.453072-05
143,Ciencias Sociales,1-3,Relaciones ético políticas,"Comparo las formas de organización propias de los grupos pequeños (familia, salón de clase, colegio…) con las de los grupos más grandes (resguardo, territorios afrocolombianos, municipio…).",2020-01-25 18:12:03.453072-05
144,Ciencias Sociales,1-3,Relaciones ético políticas,Identifico factores que generan cooperación y conflicto en las organizaciones sociales y políticas de mi entorno y explico por qué lo hacen.,2020-01-25 18:12:03.453072-05
145,Ciencias Sociales,1-3,Relaciones ético políticas,Identifico mis derechos y deberes y los de otras personas en las comunidades a las que pertenezco.,2020-01-25 18:12:03.453072-05
146,Ciencias Sociales,1-3,Relaciones ético políticas,Identifico normas que rigen algunas comunidades a las que pertenezco y explico su utilidad.,2020-01-25 18:12:03.453072-05
147,Ciencias Sociales,1-3,Relaciones ético políticas,"Reconozco algunas normas que han sido construidas socialmente y distingo aquellas en cuya construcción y modificación puedo participar (normas del hogar, manual de convivencia escolar, Código de Tránsito…).",2020-01-25 18:12:03.453072-05
148,Ciencias Sociales,1-3,Desarrollo compromisos personales y sociales,Reconozco y respeto diferentes puntos de vista.,2020-01-25 18:12:03.453072-05
149,Ciencias Sociales,1-3,Desarrollo compromisos personales y sociales,Comparo mis aportes con los de mis compañeros y compañeras e incorporo en mis conocimientos y juicios elementos valiosos aportados por otros.,2020-01-25 18:12:03.453072-05
150,Ciencias Sociales,1-3,Desarrollo compromisos personales y sociales,"Respeto mis rasgos individuales y los de otras personas (género, etnia, religión…).",2020-01-25 18:12:03.453072-05
151,Ciencias Sociales,1-3,Desarrollo compromisos personales y sociales,"Reconozco situaciones de discriminación y abuso por irrespeto a los rasgos individuales de las personas (religión, etnia, género, discapacidad…) y propongo formas de cambiarlas.",2020-01-25 18:12:03.453072-05
152,Ciencias Sociales,1-3,Desarrollo compromisos personales y sociales,"Reconozco la diversidad étnica y cultural de mi comunidad, mi ciudad…",2020-01-25 18:12:03.453072-05
153,Ciencias Sociales,1-3,Desarrollo compromisos personales y sociales,Participo en actividades que expresan valores culturales de mi comunidad y de otras diferentes a la mía.,2020-01-25 18:12:03.453072-05
154,Ciencias Sociales,1-3,Desarrollo compromisos personales y sociales,"Participo en la construcción de normas para la convivencia en los grupos sociales y políticos a los que pertenezco (familia, colegio, barrio...).",2020-01-25 18:12:03.453072-05
155,Ciencias Sociales,1-3,Desarrollo compromisos personales y sociales,Cuido mi cuerpo y mis relaciones con los demás.,2020-01-25 18:12:03.453072-05
156,Ciencias Sociales,1-3,Desarrollo compromisos personales y sociales,Cuido el entorno que me rodea y manejo responsablemente las basuras.,2020-01-25 18:12:03.453072-05
157,Ciencias Sociales,1-3,Desarrollo compromisos personales y sociales,"Uso responsablemente los recursos (papel, agua, alimentos…).",2020-01-25 18:12:03.453072-05
158,Ciencias Sociales,1-3,Desarrollo compromisos personales y sociales,Valoro aspectos de las organizaciones sociales y políticas de mi entorno que promueven el desarrollo individual y comunitario.,2020-01-25 18:12:03.453072-05
159,Ciencias Sociales,4-5,Me aproximo al conocimiento como científico(a) social,"Hago preguntas acerca de los fenómenos políticos, económicos sociales y culturales estudiados (Prehistoria, pueblos prehispánicos colombianos…).",2020-01-25 18:12:03.453072-05
160,Ciencias Sociales,4-5,Me aproximo al conocimiento como científico(a) social,Planteo conjeturas que respondan provisionalmente a estas preguntas.,2020-01-25 18:12:03.453072-05
161,Ciencias Sociales,4-5,Me aproximo al conocimiento como científico(a) social,"Utilizo diferentes tipos de fuentes para obtener la información que necesito (textos escolares, cuentos y relatos, entrevistas a profesores y familiares, dibujos, fotografías y recursos virtuales…).",2020-01-25 18:12:03.453072-05
162,Ciencias Sociales,4-5,Me aproximo al conocimiento como científico(a) social,"Organizo la información obtenida utilizando cuadros, gráficas… y la archivo en orden.",2020-01-25 18:12:03.453072-05
163,Ciencias Sociales,4-5,Me aproximo al conocimiento como científico(a) social,Establezco relaciones entre información localizada en diferentes fuentes y propongo respuestas a las preguntas que planteo.,2020-01-25 18:12:03.453072-05
164,Ciencias Sociales,4-5,Me aproximo al conocimiento como científico(a) social,"Reconozco que los fenómenos estudiados tienen diversos aspectos que deben ser tenidos en cuenta (cambios a lo largo del tiempo, ubicación geográfica, aspectos económicos…).",2020-01-25 18:12:03.453072-05
165,Ciencias Sociales,4-5,Me aproximo al conocimiento como científico(a) social,Reviso mis conjeturas iniciales.,2020-01-25 18:12:03.453072-05
166,Ciencias Sociales,4-5,Me aproximo al conocimiento como científico(a) social,"Utilizo diversas formas de expresión (exposición oral, dibujos, carteleras, textos cortos…) para comunicar los resultados de mi investigación.",2020-01-25 18:12:03.453072-05
167,Ciencias Sociales,4-5,Me aproximo al conocimiento como científico(a) social,"Doy crédito a las diferentes fuentes de la información obtenida (cuento a mis compañeros a quién entrevisté, qué libros leí, qué dibujos comparé, cito información de fuentes escritas…).",2020-01-25 18:12:03.453072-05
168,Ciencias Sociales,4-5,Relaciones con la historia y las culturas,"Identifico y explico fenómenos sociales y económicos que permitieron el paso del nomadismo al sedentarismo (agricultura, división del trabajo...).",2020-01-25 18:12:03.453072-05
169,Ciencias Sociales,4-5,Relaciones con la historia y las culturas,"Identifico y describo características sociales, políticas, económicas y culturales de las primeras organizaciones humanas (banda, clan, tribu...).",2020-01-25 18:12:03.453072-05
170,Ciencias Sociales,4-5,Relaciones con la historia y las culturas,Comparo características de las primeras organizaciones humanas con las de las organizaciones de mi entorno.,2020-01-25 18:12:03.453072-05
171,Ciencias Sociales,4-5,Relaciones con la historia y las culturas,"Identifico algunas condiciones políticas, sociales, económicas y tecnológicas que permitieron las exploraciones de la antigüedad y el medioevo.",2020-01-25 18:12:03.453072-05
172,Ciencias Sociales,4-5,Relaciones con la historia y las culturas,Establezco algunas relaciones entre exploraciones de la antigüedad y el medioevo y exploraciones de la actualidad.,2020-01-25 18:12:03.453072-05
173,Ciencias Sociales,4-5,Relaciones con la historia y las culturas,"Identifico, describo y comparo algunas características sociales, políticas, económicas y culturales de las comunidades prehispánicas de Colombia y América.",2020-01-25 18:12:03.453072-05
174,Ciencias Sociales,4-5,Relaciones con la historia y las culturas,Relaciono estas características con las condiciones del entorno particular de cada cultura.,2020-01-25 18:12:03.453072-05
175,Ciencias Sociales,4-5,Relaciones con la historia y las culturas,"Comparo características de los grupos prehispánicos con las características sociales, políticas, económicas y culturales actuales.",2020-01-25 18:12:03.453072-05
176,Ciencias Sociales,4-5,Relaciones con la historia y las culturas,Identifico los propósitos de las organizaciones coloniales españolas y describo aspectos básicos de su funcionamiento.,2020-01-25 18:12:03.453072-05
177,Ciencias Sociales,4-5,Relaciones con la historia y las culturas,"Identifico y comparo algunas causas que dieron lugar a los diferentes períodos históricos en Colombia (Descubrimiento,  Colonia, Independencia...).",2020-01-25 18:12:03.453072-05
178,Ciencias Sociales,4-5,Relaciones espaciales y ambientales,"Me ubico en el entorno físico utilizando referentes espaciales (izquierda, derecha, puntos cardinales).",2020-01-25 18:12:03.453072-05
179,Ciencias Sociales,4-5,Relaciones espaciales y ambientales,"Utilizo coordenadas, escalas y convenciones para ubicar los fenómenos históricos y culturales en mapas y planos de representación.",2020-01-25 18:12:03.453072-05
180,Ciencias Sociales,4-5,Relaciones espaciales y ambientales,"Identifico y describo características de las diferentes regiones naturales del mundo (desiertos, polos, selva húmeda tropical, océanos…).",2020-01-25 18:12:03.453072-05
181,Ciencias Sociales,4-5,Relaciones espaciales y ambientales,"Identifico y describo algunas de las características humanas (sociales, culturales…) de las diferentes regiones naturales del mundo.",2020-01-25 18:12:03.453072-05
182,Ciencias Sociales,4-5,Relaciones espaciales y ambientales,"Clasifico y describo diferentes actividades económicas (producción, distribución, consumo…) en diferentes sectores económicos (agrícola, ganadero, minero, industrial...) y reconozco su impacto en las comunidades.",2020-01-25 18:12:03.453072-05
183,Ciencias Sociales,4-5,Relaciones espaciales y ambientales,"Reconozco los diferentes usos que se le dan a la tierra y a los recursos naturales en mi entorno y en otros (parques naturales, ecoturismo, ganadería, agricultura…).",2020-01-25 18:12:03.453072-05
184,Ciencias Sociales,4-5,Relaciones espaciales y ambientales,"Identifico organizaciones que resuelven las necesidades básicas (salud, educación, vivienda, servicios públicos, vías de comunicación…) en mi comunidad, en otras y en diferentes épocas y culturas; identifico su impacto sobre el desarrollo.",2020-01-25 18:12:03.453072-05
185,Ciencias Sociales,4-5,Relaciones ético políticas,"Identifico y describo algunas características de las organizaciones político-administrativas colombianas en diferentes épocas (Real Audiencia, Congreso, Concejo Municipal…).",2020-01-25 18:12:03.453072-05
186,Ciencias Sociales,4-5,Relaciones ético políticas,Comparo características del sistema político-administrativo de Colombia –ramas del poder público– en las diferentes épocas.,2020-01-25 18:12:03.453072-05
187,Ciencias Sociales,4-5,Relaciones ético políticas,Explico semejanzas y diferencias entre organizaciones político-administrativas.,2020-01-25 18:12:03.453072-05
188,Ciencias Sociales,4-5,Relaciones ético políticas,"Explico el impacto de algunos hechos históricos en la formación limítrofe del territorio colombiano (Virreinato de la Nueva Granada, Gran Colombia, separación de Panamá…).",2020-01-25 18:12:03.453072-05
189,Ciencias Sociales,4-5,Relaciones ético políticas,"Reconozco las responsabilidades que tienen las personas elegidas por voto popular y algunas características de sus cargos (personeros estudiantiles, concejales, congresistas, presidente…)",2020-01-25 18:12:03.453072-05
190,Ciencias Sociales,4-5,Relaciones ético políticas,"Conozco los Derechos de los Niños e identifico algunas instituciones locales, nacionales e internacionales que velan por su cumplimiento (personería estudiantil, comisaría de familia, Unicef…)",2020-01-25 18:12:03.453072-05
191,Ciencias Sociales,4-5,Desarrollo compromisos personales y sociales,Reconozco y respeto diferentes puntos de vista acerca de un fenómeno social.,2020-01-25 18:12:03.453072-05
192,Ciencias Sociales,4-5,Desarrollo compromisos personales y sociales,"Participo en debates y discusiones: asumo una posición, la confronto con la de otros, la defiendo y soy capaz de modificar mis posturas si lo considero pertinente.",2020-01-25 18:12:03.453072-05
193,Ciencias Sociales,4-5,Desarrollo compromisos personales y sociales,"Respeto mis rasgos individuales y culturales y los de otras personas (género, etnia…).",2020-01-25 18:12:03.453072-05
194,Ciencias Sociales,4-5,Desarrollo compromisos personales y sociales,"Asumo una posición crítica frente a situaciones de discriminación y abuso por irrespeto a los rasgos individuales de las personas (etnia, género…) y propongo formas de cambiarlas.",2020-01-25 18:12:03.453072-05
195,Ciencias Sociales,4-5,Desarrollo compromisos personales y sociales,"Reconozco la importancia de los aportes de algunos legados culturales, científicos, tecnológicos, artísticos, religiosos… en diversas épocas y entornos.",2020-01-25 18:12:03.453072-05
196,Ciencias Sociales,4-5,Desarrollo compromisos personales y sociales,"Participo en la construcción de normas para la convivencia en los grupos a los que pertenezco (familia, colegio, barrio...).",2020-01-25 18:12:03.453072-05
197,Ciencias Sociales,4-5,Desarrollo compromisos personales y sociales,Cuido mi cuerpo y mis relaciones con las demás personas.,2020-01-25 18:12:03.453072-05
198,Ciencias Sociales,4-5,Desarrollo compromisos personales y sociales,Cuido el entorno que me rodea y manejo responsablemente las basuras.,2020-01-25 18:12:03.453072-05
199,Ciencias Sociales,4-5,Desarrollo compromisos personales y sociales,"Uso responsablemente los recursos (papel, agua, alimento, energía…).",2020-01-25 18:12:03.453072-05
200,Ciencias Sociales,4-5,Desarrollo compromisos personales y sociales,"Defiendo mis derechos y los de otras personas y contribuyo a denunciar ante las autoridades competentes (profesor, padres, comisaría de familia…) casos en los que son vulnerados.",2020-01-25 18:12:03.453072-05
